Cluster,Mean x1,Std Dev x1,Mean x2,Std Dev x2
Cluster 1,1.22438,0.60569,1.22449,0.60415
Cluster 2,2.16555,0.51163,2.16597,0.51313
