Cluster,Mean x1,Std Dev x1,Mean x2,Std Dev x2
Cluster 1,2.16585,0.55192,2.1672,0.55245
Cluster 2,1.22751,0.64203,1.23057,0.64107
